00164b7772df5dbe35bbe63296b41d30aa4d9b1e.png,EHQHA
0019963358340798e606b55bf6fa03389f8b970c.png,Y74E9
00280b3e14b2054463e6a09a2c5dac5ebf2a6eb3.png,QLCZ0
0028333653d5f8cfa0c126763899fd4d85ee5e72.png,9KX0W
002a1d0fab797733ae9109f144edc9d9431e5bfa.png,WIZJ0
0068f78825ab87b4516ae798d1a28e3fa3620063.png,FZ9WQ
006c63ae11675456c2b00d5856d87a60f8b1b735.png,BMP3A
007b817c539affd2ce57a624a99b2fef007958f3.png,2CYYL
00ab9abbcae589bafc75588c4bac3cd3270b760b.png,YUNLQ
00bfef217311a73a18f6b37a06302af57cdfb846.png,X4191
010a80ab774c137d9490c3a384f5c929a29ed108.png,B0V87
010c49beefd2e8768195d3e66f4588df35a2cea9.png,BGY2E
01870a461e923faa16f97bd009b4b1a084c4a3e3.png,MZ4UP
01b0e17d84e58fff32983214d978ab837b122c30.png,IOYDV
022aef73d2ae76436a50c167eb21f1cc86756580.png,Y33YJ
043a3c80e3eda0958da0fb1011e04d6521c03fa5.png,C8ZQM
0459fb9895cecc6f0b578901aa3bebf81723ba75.png,O0QRF
04f53a9d42d17338488c9707bd602dabf599a92c.png,HG4JT
04fe70a76c5801c3124b140b73c80c69cb078363.png,L11KW
050a316ffacaedbc54a81cc94f9326c8b26e7dd0.png,LL8F4
05c9be432e1d35ce8b7d94645a12cbc1daea8f4a.png,IQ05W
06052cb6d92959f7f0d7fafd6c1fcbf0db563f94.png,23RG5
06520cce49d5174c89393136c2a59b795de1a063.png,RX70H
0679de04d57c56adcc0462ce0bb3e6e45a4a765c.png,KL9PX
067ddf6af12ea99d614a4a27bdf6a09f850fd97d.png,AFIT4
06853d305ee8f89708cc5e81f35ba9be0cda225b.png,HJ3UD
06ca1541fc3e7f6663f33d7edf1b64587772e499.png,J3MKN
06e5417e66019d7a6579c33b1704c06165057ba8.png,VUVRL
07105f431b4f6e1a59f41da56de2b3c9784201e6.png,O0CE0
0783a874bbd0b584b7301094a3b2eee854bb2a62.png,5W4VZ
07953c338596023122f04e0cba1d2d31b70c2541.png,JORXE
084ba3518dab34b93a01f31032ca3656f478c46d.png,YHUAV
0857dc169602d3bb9a931ea47f7443ba3f19e092.png,Q88HR
08d237a6ae9959e81651d2c31dc5215621efb100.png,QWSKY
08dc091792e1578b035f4eacef84a6e0a3259e89.png,XRK81
08ed2bae086c0fe27725c48c7640548079b20f87.png,8WUUR
08f8ac68fdf0ee7472e03008f01b0cb75fc92e5d.png,C6WYV
090f00a39c5e77b93bcc90c0a172ef40fdfe301a.png,P285S
09719b0bf7b7ff56cf54665148b500da2aaa8906.png,KQAXC
0a712b8eae5ebbfd5ab2860068a997e725cbc7a5.png,BU9F9
0a76a4dc872d9c2848aa6a8b24712c017caf1d36.png,OUA0W
0ab06a103a7a1c93f0c17e128ad11ec9c2f5d395.png,57MH4
0ae33d735f260356c1d0dd9fb352198e6c3fb41e.png,RN9FR
0af5e42f0a9a0393393eba8de153532ef3bf7ce1.png,5R9L5
0b1be24203a94f4a12ccc5f6b609efd5a73fb377.png,O9BK4
0b30f655f0124f0c214ea78ad4c1d7a4e3f2f1ee.png,9HG97
0c2aa5c7d86c651d298d9f95d89e59b7fa803055.png,V5M05
0c36e87018dbf29d8aac33bb35cf2005620370ec.png,3KV5U
0c3e345309e2a97a86216ab6c64c043426490cd6.png,BJWGE
0c95af11e4e4eea2671b6f25d72a8396dcceb94b.png,3N89G
0ccb78ed3b86dc55a4ddb20d054f05299afbdf8e.png,BCPIZ
0d13d361ffcf9d2d13e1a690313124533e83fb84.png,WBLLW
0d2a70765e225b789f5591dde91c3e0a77052c02.png,7V0FC
0d376d53c5a79b8b5f007fcdb9fcdf95df120eca.png,7TK74
0d6abc4aac3c2e80fbdb9eeca11e5bcd241b53f9.png,MCVGA
0db3ee1341e51158f7778569ba93dcfa3f32d2a0.png,S1OU7
0db4bbb9265c7623006689a293790d6bc81f0095.png,IAU5V
0e8d92ff61d09b20b5f6474c6aa647a71ce4344f.png,8H4VD
0f0a87696680788f880e4bb00d04447f4c996e62.png,OJIHM
0fde9f307adfd9576cd94f9124760e9f4233cd72.png,O4SIS
107b8c2e4b78ac1beb7f96267814af7b128a8b64.png,O2APZ
110480340a27c22b8a6a9f62b223661b5cbdb91e.png,CE5WI
112bc5f927351518e8cbdbcd6a914436d3954306.png,5U2G1
11613d15097fae1f66bdc6a3270ec8ab135a29c3.png,ZG036
11a48cb8688ff4623ea2e41f44f821365ddec569.png,GUHJE
11afea5beb63e34c79cce6822cb6475b8d2d8124.png,V568U
122e560d49dcc5295750c702f416da16c30633ea.png,857F5
12725a9cbf1b3190d1f8f6aa186e59ede71b86b8.png,H8TCQ
12c53fefc99361240194b18962e58df3a802bab1.png,ZECX2
12e5e14d164b13c9bc2ff668699a731390740070.png,2DMVL
12f5f65e6959586315d6638aaf66d36118e85f16.png,FWWC4
1359e580e57dc00d2e0bb63c1b41a2a9411acb96.png,DS0L1
13c746ff8dc4460519f0d30a978223624e28158e.png,LMKH5
13c8e74fd4d68cc58365be996a2b9e9d44bde3f3.png,TKCMQ
13fba47779286b0db07dbd32ea9422f0666e724a.png,3IHWP
144d0f96fcfe7d4afd82e4e48e1c1c6118ae2a60.png,HYFZV
1466b2fe41d83495e675005d628bb9ab6c95b0cb.png,JJ68E
147137f57ad73767615927fb834537af8ebd4a9e.png,1ESVI
148d1a5a679662f74c643514cccc7cd7e6af2d3d.png,50Z59
149795f376b8acf87f8ee5c8ea082b30d53da6a8.png,X2Y34
14d2f2ca27815cc124f824aee106f9c1acae3575.png,70X1Q
15098ff6d3e487fde1c8e267cf66a4f1eeae0ca6.png,2HPYK
157f2d237c27a0d8e335d7498af10d1851710474.png,XEBOE
15906ac92bb2ef350d4a8a289f7ebc401f3025d3.png,2NRCZ
15a3bd85e303b675134dd46896ff7fe178d2ff36.png,U20ON
15f06d40e73e81c215eaab4149084e7f0982d92b.png,YIP27
15f66774be0431fd9dee6577dddf3767e3cc577c.png,PUNWS
162813fde69ba1e5d22f32d7b59f249c72ab8fd9.png,ERGNH
162eb919e806dd359dd22018002fb40e02f05e1f.png,MT55Q
1721adef5e1ce31cdc9a3a28b4007f7da02ba4c8.png,ZLC4N
1752350ac4d84fc2be32a6c330b2a4563423492d.png,F3VIV
17ef85f9f28953f5efeb18570f2c1c988d1b1752.png,OOUK1
1819456b1f4453ae5a6ec8123fd678113475fe72.png,HFYP8
182fbeda2db7c6cdb935d11ae82688ecf2bcd7eb.png,VZY0U
1866c7d6003e96feff494337a7d649beca0993a1.png,YKKML
18ac4b8bee6b9148ba30326a22fc15097883699a.png,90UXD
18b449cb68253705c6114bb7cdc1d23dbfb3d980.png,AAQ4I
19233ab8ec30dd53561abe3128b1f55f2322b59f.png,WUYBK
1992547945e85308aa4c7df663aae29bd2320cd3.png,BRPJU
1998b3b92f25471f131f931511c6b320015ee0f6.png,MOMLR
19a234097ce6a1b45a67c32bcbee1df0ef96e811.png,WXZ4M
19aad901b6360939f2c0d2d0cc754294acd2ee8a.png,31NGI
19f6606bdda117080d5c4cbfb398a17e962787aa.png,3HK93
1a190256d15d4e56d9df2775c5c1d7dee793781f.png,V51CG
1a37dc687bda71af9350f1522288a04f91bd72b7.png,IR1QV
1a404e996589a04fbab3a3dd97cb6b862c6ab404.png,3KUE6
1aaa443ced41db4e79b53ea16e6de28405b96971.png,GM0D9
1ab55da1a85a07a59c5c9389daa9b6dd95399f70.png,Z7C2N
1ae09d1ee664e4574d4f1ab1c2023f8deb1973bd.png,4FNUW
1afc723ce981eb744bd1fd4bf247cf8988614655.png,VJ00M
1b1a3a3b674501c8f51637c323d85a235eab1dc1.png,353EW
1b268983d0e147ab67857b3365a2ab5df3ce7237.png,4RM0L
1b2ece55246504ceb6d69f5a46425a12478ec0b9.png,SWLB4
1b91716f6c82e091ab20d149bc1c86ab5d49c19b.png,NFXPB
1b9a85cca7ab00b7f1fbde2f1e4b88c11100276a.png,5ADHS
1baf5b60029ad558d45071adff131a27e4cf2a56.png,BJEPA
1bbd9aea93767bf001a3a7a29648eff9a6c2c132.png,NGBM5
1bff207c66a0a0e660f731dec2c66bf8db9de23b.png,4ZU8J
1c202f458e219f66b9a001aa9c84bbe50bb48a19.png,7RTE8
1c41d3e4c7b99ff2a1ae16581842dadd04ee0d38.png,T06RG
1c8da2716d0e0aab237259a0c541bf4b0eaaf0ea.png,F2MLQ
1c9660739f50017a5ab6973f6655a564eaa797a7.png,1XX0U
1ca8ec319e07791bb38e3fb134f5c9401388d3a2.png,HGJN9
1d0da2914cfc79db98a9e9c4151252ede106eab0.png,21GFN
1d1a58161ab7a52d2be954ff39b7e0e4c12c5e5f.png,ZO7CB
1d36d13b8aecf2b040cb14f49feef028da1216e7.png,2BQTW
1dc4142ad7ca88d86df95635b8bbd9505f2a68f0.png,ALG14
1e54842542e9eda8634220287c814b5409d65447.png,VYN75
1e68d7579bde4d83d68cf9bd45ed9af16bf258da.png,0696L
1ecfd053cbc80e4808b805ff0919d2f14edd6f2a.png,EJN6F
1ed894b889f5cd5b362ae435eeb845ab5d0b5a38.png,48HJR
1f05a6db864e69057f3133b8b4b2658a84119fbb.png,XIRXV
1fe9b393f6c1990a189e2b405d51e4cc010ae5f0.png,5Q561
20025de53583967042f3a61f1791214d213a470c.png,XRU5K
2022e92a51bec8f1b1697c087a31bf2a38fda3f6.png,4UKBB
206d073f2733aa82799f74363ee276ad910e8111.png,X8XDP
21772882ccf23dfa968a1cba2d5836d6dc1ccba9.png,LBRK3
2177c3fa953d839468e9f971b9e9106fd2b32945.png,CJZMP
22095707872dae106b0f9847d65971a9bdc5b741.png,DK9TP
223d0aae150926d26630bd33d756bff35a1956e5.png,N65W2
223f76a98c8d7efb6441804cd393a31810038b04.png,BL84J
22623dcb14706a1d6377ec0f0dc8f53f0e6d8a7f.png,ZOSN8
227203c7f3532b4550865f9b31cb3970cf09530b.png,OYKHR
228561e4b2a3feb0eaa6c2ad172505c0e44a08ab.png,MSKQM
22d1d3de3d1f00d32e977290515aa4c947183b4a.png,E5G7W
23397bf255714d04b4be97596c43559d5fbcaad2.png,X4RUW
237f005c6aa34ca47d86b3229a8b5789c87d3360.png,2L4ON
249f22d2945b60c84fbfdb85aedc933d2c1b3489.png,F861Y
25a3ff5d067cc260a37ff8bbcd43df6319b7d9a7.png,OTSJ4
25a84e61b5beaafd565a4f7dec13497fc0921835.png,60732
25ddd0e1e772cce3733223f3b20e1fdf789877ba.png,TP5GG
26d6bb061d99ffb4153e3d838a7b7ffbe5131729.png,VG3IA
26ed2103be203899c0da7889e64a717d71ed32fc.png,HGTH3
27137796ebd382cf4829d7f07378948f3d416ec0.png,IY4CS
2740c522864dc582bb3b571effb8fe5b1a68960f.png,Q22KO
27777f29418ad9f6980c7976776262ba57ec387b.png,5VBT2
27ccd569ef6b838030482adb3d7687dc929006c1.png,4023H
27f32eac3c31849188375b99304ab5a358c7f167.png,BKXT7
2803a3c121f66d8a6352c6fc18e21982f2c7d356.png,9XLZV
282fb8b471d3c42cdc16fa9b36114ad73004f1bf.png,7JUY2
2918644a84cb665c6bf5f56fcac88498245fbe3a.png,TX83Q
292976903fafdf3ba3f8ef5a0571be9be7f4a298.png,E7RDZ
294a4fc90b66e8559dd44bd0b1cf83983835e575.png,I8V9E
297c14c02fa066a3512d508c3b689ecd171e65bd.png,Z61XB
2a2a17dfbb2bb7a3eb778179c16aa0283a8dc903.png,51WJ5
2a2bce09cca0ea1319c3028aeb3a78bbb16b5330.png,RWJ2V
2a63b3de895b7d757429cd576871ad2f9040e376.png,6P5Y2
2ac2fcc9c031126bcfe13744c6c07cdf9cdd0f04.png,HH2CP
2ac68af1b99ab6a6c45e05868b4ef34fd74de1cd.png,6KWDX
2b371dac5d5458453c255eb06aae7ede9586fd4b.png,9R90I
2b8818a9bbb89aa39b04dd6f22c668bbc1e7acf7.png,ENH3L
2b9b9b6fa4e157bc013ec730ac7f452f97a3feb7.png,O7AKV
2bc4dfa4da0386a228754e66717dfd79110fea67.png,ORWK0
2bca31492fec71817b3c7085344754fd14421bcc.png,JW885
2bd173744803c534f8aa39714985e14615db4f1a.png,OF5JD
2bd7e5d176c48434aa144f819d86e28e599be1b8.png,DHVD3
2bfff41ec09463086c482fc0e7b80e285826e85f.png,NYP86
2cb6cb579078cee5aa4648ca645b1f995d91ef04.png,CI31V
2ceba2d9d5f29116162ab43e8fd746524346c54c.png,7ENYB
2cf4efc784974aa54c3a57c5b943a0a4955cc012.png,BQTUF
2d71f824296e78ccf5d918aafc72f82c431fef36.png,KMFZS
2dbefb6dfb6fd60e8a7c44171b39165ada19aff4.png,11E7V
2df884731281f8eed5ead584a753304a15623ec8.png,KPSR0
2e70caceb7fba683f32030c64747e17af15a4204.png,N5HP2
2ec3203dbb7fc4597b057c23cf08b6fc7967320b.png,OTYD0
2edb894e34334a2990dbc97fe8b5b713accca2b6.png,CKJFR
2edf81267dffba2ca742bebcf0bf57d9f5b8efd4.png,CESAO
2ee6ab001bc5520dd4cd53c1bf377eb77c5e0444.png,N6GMI
2f46c37cde66c8c19fa8c04b272e06e673fb26e9.png,1XDXU
2f50005991c56894005ac2abe9506ba9b902f57b.png,ZS32M
2f6042d7b237b0b714bce9545e380dc436418dc5.png,18EDG
308eb27074100215096944b2605e06c9469d9d58.png,3FQ03
30d5ba501f01d249260932580e1f17f207d17bd4.png,KUEVU
3144eecab7ae59a36d0068ab671459e7dce6fe5e.png,XXN9B
314aece411e599ad067ae9f25c7eee19a2861d71.png,2VMZF
322fdcb090b395a4489ee287cdc5d41fbe7f718d.png,9H7US
325c6a522193e5b1d0fc02b46540c85ad4ce75c7.png,JO4KR
3307b15ae1f4525d0fcd0a210546643f3e757789.png,8HNR8
330cfa79aa69247ede53d033556c2adedeccc1b6.png,GBO6P
3335d27ad27f8ebcb8651f951ff19e9a23ec214f.png,GFH7B
33721715b6fc7ffab19f3710281c384ddab2ea6d.png,YNTHH
33dd0262f84eee2029f523776ae5fdeb2e6c628b.png,ZD0RA
33e8a537b17e749b5cdc81aca28ef35c429ea816.png,Q98WX
342d896847aaf39bbfa991f6e34ad6fbc384a026.png,S3HOZ
3492a98e9eb82639e1df25884a5b2db0db28838b.png,H67TD
34af2c5f9d357a0e960e60ac011d8d2e0255bbe8.png,XCI2F
34b7382bcf28fb64439931c8378dceeb60b1a3cf.png,G378J
3580c94473beedfaace6eed74beec4cf658c83bc.png,T23BF
3592d13d31cc76410981d12f6c04fbfcc9393276.png,4EBN0
365da640e7b4ce42d2448bf4a1b2e8eea4e870df.png,1LAFW
3668a5cf954717a1c958bf10fbdc82dabef5069f.png,60JV9
36968a00026bbf674754f3155e6ca1d54e6afe87.png,YBWYB
3699b4ce2ca7605f3acaeadf0eeb1f886b431424.png,AZEI9
369a59dfe8f6a38dfb6444c5735250c85f609a81.png,Q7H1J
36d2a64e1ac7c10e77a388c393d9d6608621d991.png,OFFZ6
36f0bec3c85004c685cb0962c3ab317b04e99e70.png,CQ7VB
376cde03cd2be56aed1df47ebcc6a6d664898d06.png,G84I9
3779d8998e8fee28e6acd78db215d3c03b13db8a.png,J1EGX
379a43ff8b0907dc71b249e3846a1357e5aa4048.png,IJESB
37ca37039a99d9223351c3667fe68dc55ee55c43.png,SIYC3
380f899f7da6318b095e79bde6b9aae9463d42ec.png,PRQW4
384ac6a6cd389e74975f964cb2a1475c27f484af.png,F601S
388fa264675b90a6683ec85a194c1f6b68e0becc.png,WV180
38b833722a99d64cb08091a8859e2dbd0359a9b7.png,VLDM5
38eb3abf2fb966bf7728ddca979c6d4d2c8d62b6.png,O5KKC
39035878e4110b0f9f3d6d2776af29bc78a9dad0.png,RILTU
3943e018e4d5d629c13e9d5026c051c9988d2a5c.png,R4QAJ
39888a51867cbaac787e1c15e984cf5255a46ed4.png,VQV8B
39ba939c8d637fcb641cf7e05b0ddc462cd0f70a.png,X47HU
39baed3c8c4b63f3870dce0ed71d67e6923df0c3.png,XDZC1
39bbc44621febaef6900caba9a29c7d437c9edb4.png,SRR6R
39c525a918e1f4aea0587bfcc7efb191bd8b6cd0.png,OEWOR
3aa7bac6a8e3c18795590b9a1999451505d0e35c.png,STLJZ
3bc7f84267fbf38692258e326b88b9d25dfc7845.png,2YP24
3be042916f6452937090dfe3b7f88fb16a97dcae.png,29S7H
3c7191aeb77e9fe3cfe67a8a14e2378d8df76223.png,WBSV2
3c729a8e06ee979bc6af010c3a43a2d553320818.png,1UK6Q
3d313052716bcbc813296af79cb4ed2f283525fe.png,KF32O
3d899840240241b7fcf14b415a4c591e205f0696.png,UPRDQ
3db7a1c22b70b4b2809e1202b376f38c7a0010c6.png,UBAWC
3e4885a639ad2862cab425fec8d6b2f56ce5eaa3.png,FYZJ9
3e5fd943f6986ea5a2e9d68199cb599e9fe9f1d2.png,EPV1U
3f79583275d313c03d05834360d80a8867eb831d.png,DH0T7
3f90e8f6d8f8ba52d00149f06ae6cd700af38617.png,ZRQ2C
3f96372086eb65702ab98a2c19c30a9bb3260e39.png,VKSU6
3fb0823e43c3d9975e2a8b88be0afa93ae8bd220.png,O5AG5
3fee12456edb446e5ae45fea3ed6c312433ab224.png,TJ7G3
3ffb9a500fb7471598335fc1f8fb80906dda120a.png,7LDZ7
4004953e56b53fb37f260187ee9c5160d18d8a05.png,10WLB
400fa60dacaa8f0fcc95c3971e09b7b60f4def14.png,IQESG
40474925cf05b98a281442e3a1f1ef2adce198ac.png,6HRKI
4080c73858ec48afcecf9db067d40e1b95832263.png,FRPQE
4131adebc3b8a2cc0eb8c0d0022e0ba2e33f29f8.png,L0KRL
4149daefd27e6cd380feed606e2beca15f14f0c3.png,GZ2IC
414a9281a8c81fa2ff46a8603c986ecb8298cef9.png,PQO1O
4182e9cc4f3712eff2f43cc7ebc4b44015ecfc86.png,AHVE5
42006121ab94976e90d3597b6cc797e1ff41f256.png,6ECNF
422539ae9823d272b2e0c645995e4a1b066306f7.png,E1JZG
423fa6fc2500dc5012187be960f26f994ea2d51d.png,D2U03
42e110bcc26c3be877b749bcef7bb529ed016d6e.png,FBQI1
4353a17b2af0bfac1e7097fdd6e7d673e1c20ca2.png,VHZSA
43ada30658a00bff87d15bc19bf4bcaaeede0a30.png,AFBG9
43f2f4337130c6767ba2919dbe475643f4fd4b12.png,SW8SS
449df9e29e3be450074f8459e3dc3eed1fbdabb2.png,D070Y
450bfb45a6dc886cd8aa434a2c8eebf9030a51ef.png,6N2PG
464bd16a906f83637d26d512004c06b72825c7c8.png,VF8KH
4660bb6389167ce7e5a4e63a7fd9cc89e8e3a00c.png,A4E4N
46a68aa681b8772d072fb0ac0af8bdb09bb86642.png,RW5JQ
46fc23dbe564e95abcaf6d7ef208be3f4b02dc7c.png,P7RXP
470d14181d34568b0a15b3c991f1537f92f55deb.png,CFY5L
4758ec3793d7545e7d2c426877b72f4d8bf6bb9f.png,K702E
47bb5f4e281b5db58d6f74df422cb7f5834b5d18.png,PR8ZR
47dff4e0864194c45422d606ba800e0619cd3036.png,Y0CJ2
487b785f1c104a24bf5919862af05d04d2304c28.png,WJSXF
487feb0225a105a06f3adc3ac945318b2101b1db.png,5XC4C
489404bd467e4a48ad0b5bbc868593952f7c1d34.png,U4J1X
48e6d2a33ea4b93c3324c3b8c5dc3b36e20d7946.png,9E7IA
49bb09c6e66586ba12a51920caadaa32acf0b6ad.png,LXKXF
4a170d990c0a42db755b392ad93195828100a320.png,ESBVD
4a6e41c4338d8a4059c4a0cc6137d25c25b7b4fc.png,VD0II
4a8d67f25d6ccbe29788e1d17fb39aa4c028916a.png,CTT1G
4a8e15ba6de266afa2497223b226b36d352d0de0.png,QGJ37
4b42cb365b53e29e86ad9fae5aa2fe66ff2481e2.png,QGOL4
4b591c1aa8ec1f241de800d603d62cdad35abf9d.png,Q4GWJ
4b8e16a70ffb9ce0655d7eb90b2269bf3b786cd7.png,CJFTR
4c18b2702fe72a4022618382b785fd72f0737514.png,OG4MA
4c2b77f48a91973b8959665905b2b0c6f9fed9c4.png,57KL6
4c724f1c65be5df7f03cfe21da137421b9059c7c.png,OB75Y
4cf1608c3f9909d2b62321958b1a32ded5006dc8.png,4JLH0
4d5d7a7611c42e1ea0edc3e1cb5cd6a37d3bc7da.png,20EQZ
4d5f4beeb70bceeecf460a40a383e40a54f14f25.png,459YM
4da69b945caf9081aeff8330d44cce4b1eeecb02.png,IKQEB
4db73e4662b8b14a85acfa675f2e7e0e16030f9d.png,EKDRL
4dc491833d90c8b202082d450ef4ed545603f699.png,ZRBZ9
4e3bb66062a090718f184824c2d545645985d5a6.png,DKKRZ
4e3bd2980fbfcae7df3f8f1a395c312fda0188ac.png,NBJJK
4e5e80cee958c3a56d8102110d3427b7fa9b5ccb.png,8CI5C
4ea8a8d33ac5db298508dda3185ea291e3751249.png,NJWUZ
4ede2e05bb0de9d61bf6f7ecb706f68d9a4e7083.png,OYP2Q
4ef749bd69ffd63cffcb381ba775acf43a9d6706.png,3EYQ3
4f389aa635857d4d72ce27501504e64189670174.png,N1452
4f4147bfddc4e7d5e43c10b5ee5bdd655a983b05.png,2SJOV
4f56b0a0d9cdc390287c2f09aa71566b3c1625d7.png,PEAZP
4f9d3ba8f76e95d2b388f403a7bf33b8c95de261.png,VGU9W
4fef4da63a118ae91ad1528bd098b3a0331b49b4.png,SGP80
500b4f9b19bc11604da7509c2c0e0a86d076a32c.png,IDUEB
5021fcb382b5ca741cb72ae756f850f69c4209d3.png,ZK8LW
509ec27f0f953d2f278cfad23386a5b8e5b6aae6.png,FLC58
50aff5f5058e0b7ef2069bce5812b31f718122fb.png,J50T1
5114cb47b290f21e92a6e9339caf408b7b5c31d4.png,DEFA2
5147df50fed15ff1d965a628f579c0e03553f9f1.png,8RWIC
522dbad65d78f4e2736dfc360f4290e654b60ef6.png,UUF22
53aa4988244993bd997239c7cf2886b7824d49db.png,KLP1P
53f2bbbe731721b0a925a175e652c8d149b528d9.png,7AW95
5420931979644fce82601366474a370004dbbd8a.png,52K0J
5423b5b789ef245fc78065227be747510fda127c.png,PV1L4
54524806cf6ab58b5c08557d812ab77b15079b1c.png,ZJ1RS
5463b956198aa03f22b71768d381e6a47f588069.png,SJ6YR
54afc95db3c7e42245f2a65a1841e97369be2d2e.png,OUKWH
54c5fed52878a2a83d3a4d29ffce6ea71ce2c883.png,F9JC9
5516c46bdd9bfba792e62228a830041cada0739c.png,U7OKK
552afdef36b0f551d177f638ff823d64b9d8d3b8.png,44XHE
5535d053ef02c71c60143f731ff1516bf5544c23.png,69F0L
55714cac042f70d3d3212a23f6e05f58e90e7d9d.png,E4GPL
55ce19bc1fb248f234a7fd4d4a751fa8c2169b00.png,WA537
55d77050d618e760d5f172d598ceb2289b7cae98.png,DK3RF
55e39d7740de9e2e5577e7db88d557abc2f6eb23.png,F71UV
5637d5cba0d40e4e883b939240ba625e4a1be2a3.png,ZJH6J
56d7edbda97490a898c5aa33eaac12b3cc691744.png,221RL
56df9e89865dfd3dae63be6739fa5bcbabdd90ec.png,U0B9N
5732aaff98aa5f5a774b31bc37b696d5ddeb0894.png,OZBV2
576bbb29f54b3b08f651a8e50adedf4a8ee64352.png,STGWY
57823b9ad612203e3e88a0e48ce8302101b272ec.png,CRAP9
5782ac620fc119d1bd5e89d6edde3f4a62e7640b.png,ZT04D
5836cc6de5649a4fb8079c7942f5f2066222cd02.png,DVZAU
588ef2649479117f2b5ea054c046bae12bbc9df4.png,NQB4H
58d8fd656f87841932ad3831d2a3e17423f658f4.png,5XVIH
58d966d8685e6ac28fc836d2e7404e7e6c3964b8.png,OMUGF
592d61d2634885a243121865ca4ed654763e2066.png,EWI40
59677271e5248e28eaee079c39b6c09e72af1b55.png,YJ7KW
598764d9db91b588c5f55f56dd4216c034c4f924.png,L8JP5
59c8612bde3d80104ac33364a7a615bb1ff7ac56.png,KYUQA
5a4b96950affbddc52548e3e1b1b42ab43620b07.png,PUPVB
5b31339c81e4c948f41430c39677466479480b8c.png,U7EL7
5b81379d3120bb2fea965790f24c973adf1ec242.png,UG83Z
5ba8967f670c63acbb69f185d1827d08cc502f71.png,4LN6T
5c0ccd01abbd8a159b1e6259a3addd136c65d21d.png,FXR4A
5c3d254e63a152c90b9d7f6af9c72fb5ec781637.png,DQ9K1
5c6bf27661bc169bdb1bb121788ecda0dea8da3d.png,U2WQO
5cb60b8456d3728f9657df1c804398f907b98355.png,FNBW2
5d44c7a0bc312708a74438a617cc104991354528.png,SH3HG
5d60b53d21541543db46f1ad9f3d8155c04d840b.png,QS9NI
5da5a6889204ddbb2dfe12cb0781060c4e919c5f.png,OR4YU
5e6876065fd68c69a920c3d4161d5524262f357c.png,44M12
5e83faafa221111c0cad1dc6d1be6d2cb32c100b.png,5OX51
5f8dc53b4936ec183e3cac0dd983ab31a66c6ab8.png,UVGFA
6052b48e13928c6f6efdbf3c6aeadbc8d2121e90.png,A6AGV
605841f1f2c9d5ae2b1d89c53d147070b7bf104f.png,UCYUN
6067bcdf67e251383b25e9286acec5e09cf046d1.png,OO7MQ
606eca4ebfd0ed0e4d97c9ca656e6f7faade6c8f.png,N2WXS
6084a6f2fe6204f6ec27a736e9a2a81a56e44093.png,D5SFO
60a0800f7b1d3c9146976f60364438bd199384ca.png,ZH7GV
60d2b7c9c209ae2884026b972f352b59f815bed0.png,MWD57
60e111a0b146e21e8a42ab80a3ae060bde1f29a0.png,GX7VH
61f45bcfb43cdb761dd84f9632190c02111d66b7.png,5XSB6
623440d087c7796235ef50fe1064748741c609e6.png,6WASE
623a3c6beb8fb7f8b04800562d94c6e3da593d49.png,HHDBR
6248810795155c4223e0356ea98d0c2a94c08805.png,I0J9I
629101c4d818d2f7125afdd44895e8be7ec46e42.png,F7LPE
62d6edbc006cb7f48f6d2aea50bb3415dcec0519.png,Y5XAI
6319788ee49554c4e64638fdeaf5198cce6131a4.png,6TR48
6348d4bad124ee753cee681c2a68167d9b61d754.png,F3YQB
63586bd5cabacc3d0038fe1925da09c736dcf30d.png,60RAN
637a5c0f15ad71e1009b56cea1ea5a9f41065728.png,8T733
63819114ce07be5033e3e7f43cf888487b7e6518.png,6ZLTK
64712fa04fc9e85295ae126a3f0ac3ca4b3dbc0b.png,6IWXM
651df630fa5720cbe14afc4a9bad7d5b43639f80.png,Z26IE
65721308c01f5575452b634c1c10c2432bd197a7.png,530P3
65797169e4d9c19a3854168836e9cd520fa71f9b.png,J7GX0
66f6b974d53ce5339e4f07469648c4c25e11ce2b.png,K98K0
671bd55212e1dd395bd6810d29beaab97cbe8238.png,XBR8A
679354b65aa5d6c7e43c62b61bb219789b6a6770.png,G506E
67b7578aa19c58d901ed08fc7c5a7bcca0472ce3.png,OAATI
67bb1c9816c4d3a4fb0203369ba65f720b94139a.png,JLILV
67da6a4f2e14aea306dda2b69b9ac37ade18f878.png,FD2S7
6844e4b9fdccd7fc0778bc5852daa46d0bdeb2ad.png,CAPG5
6921cf895036c4a4374942d3a423abb1d597d457.png,Z56FO
696fd73806705016375a5170a0475e0572fbf110.png,DEMC8
69d8d47bece7c710ce56faabbb9ba9d91824da6b.png,ZB7OV
6aed3dfcc66f03c1406f478b84afb6c8479d7a54.png,Z5OTD
6b08f5576ffef39e9bdb4bd41d282112109f27b5.png,S7L1I
6b19d8a6d6839064047e7f8f17afc024e96244a3.png,TDGBM
6b2ff07cc5ba66b391ec1272651ecb816371625d.png,AGNTQ
6b92586394b2770daf85914cb85aa531928dac42.png,60KR5
6bf0596c7466e1dcdbd46b1006f8b8f2488a5ab6.png,P8Q0A
6bfcabafb65544b3f4a025f319ecd654bde8ecac.png,4ICYR
6c43dddd8e22def1e1fbdc4902f450b08523f0e2.png,K0BUF
6c8de95c3003d30373c81966148886b6f82cd848.png,SU09G
6cc15376399c9c2414a4ddb392c5cb8acb95f00c.png,LI07W
6cc93ce4bc8cc8511d3b51ab6acbed284659d075.png,F2L4F
6cd29c0fa35500964c78c07ea91c908e39f743d6.png,Y7HZ5
6d2f7031316c57d782cdaa1daf57710ea02718ce.png,Z491F
6d3ba96fec32ef9181cbfe451d05bd5c2a513e77.png,98JD2
6d9f999f236b753e12191cf611d79b0e122a0873.png,E63QR
6e83b8bf70f0cf3229650cec5a7a2455fa24e224.png,VGHKO
6ec7eb2dae68a720de4c91df1b5f62b8f6ac3ec8.png,RH0LL
6f63717d76d0188eb81e22b31d67dc76233a4a96.png,QTP3Y
6fa86a6fe599e71f14dff9f676ffe8b1e6c5dfdc.png,KZ6QP
6fda398611b815a15de89d9310b6e70ddf5e174d.png,CIUK5
701202f51d56331a6eec2eba402bc95c97c026a0.png,R2WQ9
70473e64b1c1ed77fb266651089d5a74f1539fbe.png,LJINN
70631c8f6cec32717a882e5f646457da377cb5fb.png,ISJAI
7082262291971af58fad229d369bf6eed1c2e9c3.png,RKR1W
70875cff3103e8e65fa8c2cba9fa6cc7a4870a43.png,N754I
708cbef5cbedf29b942c405c5ee5f0f2fa91436a.png,BTLFP
71329a124e3adcf7758bbe32d7ca50494cf03f43.png,NWWQH
713c1248ceeeae2e01f54530fa3e578ebc3ba6c8.png,O3M0J
716df0ca92f011e29b71f4e49133cac8f0db3aec.png,XAX6Y
717aa1ffec62fd48a36986088b565dc8d727f1c6.png,V8N4D
717be243e67ae85399aa3754dc4486d5e98a3342.png,ODHR6
71ac227d504083d95bd969a500d0642908d34dd3.png,CE2HR
71b74e0e49294125074f9897b058cf103ff4b171.png,TZ22Y
71e5d2d2ea6f2d2d67d366909a8ce893a1b81912.png,ND1KA
722bb6a84743c4dbec90b2f79f8014f54b2db716.png,7BIAF
723a9dd6d945d353d2a939f15590d6860e117b4b.png,TPVK9
729329a086936bfefd360d4c1f106d83359f0712.png,O9TXN
729e4dfd4aafa9857c5f2ecfe8d98138af4f5dae.png,VH1KT
72a0a0cd2a3e37f06c112e20f19c4fe73546098c.png,B47ZS
734c421ceec7444e75461da09df7e9f57bdfbdab.png,2PL08
7392480aa4b6b4e66e15c744f00833a482e004ca.png,N4OUU
73b9be7e53cc6f8a098087eaf339514abe7d3b94.png,NIZ5D
73c8d594e7ef1a5abed701d66613f2495d9d128d.png,42NS7
73df4c594191ff4a16c0fa0750ab963e0c5d8411.png,71120
73e6695f35bb22bbe895fe4869233d12c5ba3148.png,9ZQ74
74110ab4040fa2bb931bee355d3a8431955b700e.png,XVD54
74513490d3f23fcc2937b7d253c672ac46a57b07.png,8RN5S
74983ea10d2658ffa29a290bc8b98e55336fb60f.png,G5RP0
74b25d728191b0abc8e6d1e262fe3d7e576dff9d.png,RCQT0
74b9f5cb855612badf71551d565c351ffb6e40ea.png,F42L9
74fc4d961d275397aab39b41aefe037ccf886189.png,6Q3XY
750fc36b00138fcf4fc4aaebddeedff28d15ee6b.png,LPV10
7536c7b40c75fab8cca16d7e9c1ec356dc4d91ad.png,SK97Z
75b60557eff07e6338e2b8a81f41ceb5fe07bfc3.png,7PTFO
75bbce125e1dc1c343d655e6fc159d14733b6c09.png,BHNJW
7637300a9fc9d8cf4ff5c729cb206407930f6f66.png,NZCIV
764caaf78779ffcd36f797ebaa534f6f697b2290.png,V0CG5
767e2c90971245f12a5b4df64f6456541820d296.png,V06A7
769b31e2823062a8e3186de78ad1749fb7c743d0.png,85VT5
769c1e7c16f456c36c4d98a7c44e00621d93c671.png,6L5WS
76b63f5607e10ac3e5b479d4ca83114a0d269904.png,JU3HT
7721664843abb161efee5ed1b35ae30fd959da97.png,XZPK6
772cf2532c0c7064c823d27a4691ecc7b2a5e514.png,W6934
775d9b94e0b8ea4c546068ca7574aed5302599be.png,9PFP6
777a108b23038c749e1053a61d4b18962d9d67b6.png,HSH3C
77d3d7415036348bb985b93aed87ad312a1007b0.png,NUH34
7818ae112a7f5b3b45895a5580a8000e3bb662b6.png,OLLXG
78a6c05fdafd3a2947571ec8493254527bd5262c.png,M3IIX
78e89ca616bfcdeb8e67e9503a3f35a83697ceae.png,T8DNH
795aa20ec646693c076426389bfc8ced227c8efa.png,4SMBP
7a79dc0b3afb26af677250f0c3acbf612ff02d71.png,H9CE1
7a932f7256cb06abe73d66d4b5172607fe14ef51.png,HQUHX
7abb05d180ee3447025fb80de46553d463269d8a.png,F88WO
7ac641a24a7e86efb484646f66e72bbf78ed90fe.png,O1UVF
7ad2baaaa225eed3ada014f48a0780c38d247f43.png,QRLIU
7ae193f4599e7503a1108f632aaea95fe52dc305.png,FWQW0
7b2f50d7b3f7fdd410f5bc541872326597699d8c.png,A8X6P
7b613f02393740a45904167504ac5376f5cea800.png,Z8MPU
7b8b4c146e3e2355890d4bb5a905efdd78f6489c.png,TOA4A
7ba700bed9d271b2bc9c7a4f44dee4921c4058ef.png,N873H
7c195f8ed7eb9fa02a1e998bc8f090e3504a0766.png,RORZ3
7c25c9efd470a72a8b6b42fd878c04fac8f62480.png,9GKCG
7c4f65bb3976bfb9a179288771be45931da59e11.png,8SIV2
7c72416a4273ee327fdb71a7a547ee83d89ce809.png,URFZQ
7cfe7e962d5add5e60dd9b60bbda6d1616b3f693.png,TJRHL
7d239ec778c155a7c6e059a84aeab92a3979522b.png,HWWND
7d35b63f717680476ad4107761f2fd4add111ef5.png,XLZ3F
7d4fd94bf3fb583b11777b7157858b6190c98fb0.png,G1QC0
7d60d3b0d2b0df38f11c9eb870ce935e1a773c3d.png,KSS3W
7dbcc1e02e0d772b414691ba256ae5b998beb6b5.png,UR1YN
7dda56bb15b794eb6512fb8e21eeb8f4ac1d69c9.png,9W11E
7de7f33a6f31ecdc5838fbcda84c610b166ae537.png,6LP20
7e02b118b44cd52592cee2d04f54386ecbcf6f05.png,Q03VV
7e3a02f7a27943ca508b2e43330799513ee2a314.png,IJNSA
7ec31b199ca1da6c8008c9617a199403276e120e.png,SXEMA
7f9c39ed87d51838789c1fcf57068092d8f77398.png,X3J25
7fa390baf58bc6e01463611da4461c5a4ef4ff83.png,56GG9
7fcaef9abea868b840936552d8a2d4cff72099c5.png,G4AFX
7ff1e1f262cdd5d8b67fc444def703daffa3fdc9.png,LTHJV
80256a9090e0a8d37bfc0b54261d4d50f9b9ed1d.png,3QSMY
80c6f1e4f175e1baffdeec4de5befd02eae551e2.png,GRZFF
80d3013a1c3a1e7e5a338a5ccd231ee357d1303d.png,2YR93
8109b2d765f1e455c285d2a57992db92a1c01bbd.png,T067A
818dee534ecab499347635b4301148022ca16023.png,WVVPC
8227bce0fabd5d07594801a13eebe5392245d94b.png,40GKE
82411df86542e307835f5a55529c84237aafde9a.png,99W3W
824ba53b8d63d4aed3396f0f3b75bc7b8c9d0e5f.png,TCB2N
825a7c93d3e2958eb24b754b13f24cbf7c537534.png,ZI9KC
829be7a623ebb6562d0b9e0404db211ce0cb259c.png,841EV
830b6a2d7da62eacd0ac09aa70988066e0209a2e.png,26S6L
839410116f82184d91a0c1e11c56707755590435.png,6GWP2
83c1afd316023af9ff9bbbe53568ed7c687de7b0.png,O7I2L
83c972137645dd11494665f7669323dcdfd994fa.png,HLQI8
8407fcf4f2f73cc16f67fdf2d2216b4cf4be1eea.png,XDST0
840cdadd473580d3701ae4d1d821b475288025a4.png,XAH7W
845caf1e8f1c9874ae648a2ba92ec5f29011df8c.png,547RS
84c98f4d68e30ffdf385f11b4b1875e87d6edaa8.png,X3DW0
8556caab921ebd889e66ded04e1e9c8edab92a04.png,XPVR6
85c16ff6c6d44dc020a76f1796f0e1fc4a5571f8.png,MMW5X
85ebdbef4d5df0907bbbf3f0ac735c632f4ed5c0.png,4RCMU
85ec4c353f3539aa103a62af3c2548715be7aefa.png,KIDUE
85ee0cc8793a536897ec660ac8b4769a54ac9b03.png,7YK7D
85ee23713df05188a84af412e4f09ba2b8e71c3f.png,BTVKC
85fb147704cae28bd3bb3782472733a50872e7e8.png,81QZ8
8632cb3a9f7ee876f27b6a44365ee3aec827d646.png,T2U2S
8641a4c9f7613535eb7f1a710b1c504cc07ebb2f.png,KMZ22
86465266fb66ebc90eec2e4ef635312babe406d2.png,LH3CM
86a377fbcca7ac08cb60f6408ee3fb63b9f4ec50.png,K6JOI
86e2615a25f04bf0207e4f328759fc40d861c82b.png,ARUCN
87089ff4c25b7eca18dc1a14a569550f7d8992bc.png,RQ3LQ
875f262cde5d6545be2d51b31667857c89cb642d.png,ZMAJP
8764ec574250a0c5839667d172909b3e32dcf41f.png,LMMX8
87818ff09d40ecedc1c4a24d8a51cdb1f864aeff.png,MATAG
87881360493d5cf4007fdf951d64c3c3b9255cc5.png,IV50S
87de108f3cf5efb81b7ad2e0ce593a8cf50f4cc6.png,6BPZJ
87f278a25fffc8e770667c81a5dadedba9d57b22.png,PPPY6
87fa97280c9baf011659d5b294b95fc975a783f7.png,XC14I
880a8a086f032a330e377d51767baaf0d0a1facb.png,OL8OM
883175fe7d08203f345f908fd09201667467daf1.png,LKRTT
8875e2cb85e288a77730ddbc010cda0c8fe3f2cd.png,WO0S0
8885e75022677266389f5730e8eb15d94b5d5cc4.png,QPI21
888c0fd945a8d444d1fce0658131c43b3a9f1e33.png,JK0CI
88918c917f953838d3b6df64acf783088884a506.png,WY6V3
88979d6b8bfdaa3964a9a15798bfd1869c560312.png,5B0TC
88e76b7dfb8872bd0b5fa4b32841b0c85c18e5ff.png,2GXCZ
893c8e15e205099763109a059a136c9dba7f4ede.png,GLLII
8991d025714e7a72d452642aa8c467873a2addef.png,67S2H
89b85b0f879d2d794d2587089ee13857248e4f42.png,3RHQF
89eaa51db6b6d02fd041287c3d32d24ba9b56d4b.png,AICSN
8a40ebe7e3238c46351910195ddb9460609c91dc.png,NP22N
8a73473896b0acb4a6d9e6cec41bb0d1b20d4102.png,3XI3Q
8ab8a8868d0b9c4c7afc7e462ed897cb3102614f.png,1KU6X
8ac2e96ee5a7a73ede0d28e8f1a66624b2691f9a.png,D99PX
8b7c547c9b539f8c4f1cc4475b84320dee04f099.png,7BXNY
8b8fc1d4e166cf17c46466033a772ad2bf34b8d2.png,POYB3
8c072a28c15795c93a430d456b126a72ad721fab.png,APCC3
8c296eb84dcf8a13b453fa97528e02e2d8789610.png,9J0HT
8c5b3ac4df54bd53397bcf21c1af30501a837780.png,CZ74H
8c65b64d1c41ddbc3efd3a8c6bf957f596ebac2a.png,AMWA7
8c9a474979ce82bf2bd0c3c141bfa6824b9aafac.png,FZTFT
8c9aa9c4fc0af3672eca379cd48d358feea5a1b3.png,8L7NW
8cd289b057d23eeb544877d4c2d0138022001865.png,XOUG7
8cdf98d458fafacab8b21786b6a6889daa31d100.png,QXYVG
8cea02e034b920fd03ae1eaae5f692e5dd7cd499.png,LZLI3
8d1a152dd7bad5d534063c7e7fd6e2c8169f0d83.png,LHTH4
8d1a2b1742c46c94097433afda39cd144b2110d1.png,1SFRI
8d60ea12d09fef77a42689d8e7651906a7481f2f.png,KELRQ
8d6e4f77717e6735dfb8830356a377e5a096bf53.png,2KBGM
8da5549a46411ad3b6326243e168d54ba1ef3cc8.png,WE0AP
8dc5384dc543fa37cb39920787773e1575779962.png,JBNJF
8e5c0612e0ecfccac14f15fa5419a34fb7f3219a.png,Z0IOZ
8e9a9e4611fb636bc2feb81245c4a54a5d7da790.png,2NY2U
8e9fa4dcfa6e48a14991fa36e012f51c58d5d92d.png,XK6YS
8f04813b1a6062ecf3437805b7e92ae33ad8d922.png,YB07X
8fa45759dcd2007cd025bcd1a03e45784ee996fb.png,REP93
8fef84e51ea6de30ad9b66a71c91ec51107ad666.png,4D6E6
8ff483150612e0ba75ba33c25c8ea1109043ed0f.png,QO6TZ
900ddf22cb2d93e7f0545a30643886629726bd08.png,AMJRY
9093b7569ea5b51041b10d317405315672a6b091.png,NFNZ3
90ebd36728dfcc26e82b66faff957c622e4ce7e8.png,XZEYR
90efb7b3d6252e4e3ab4b9be04832ba3df7323d6.png,V0HQM
90f5277fb0d0cf27e3a802a5ff50f5d13ffff5f1.png,T54TG
911dd9b250eb9c53f0639477b36d358c26c093e1.png,U4WBU
912ccdddb2f23ecd5e1af21c5ad81cba0b660b7a.png,X1BSV
912fd4ee82f0a5fed0141145ad5a92449d40b0e0.png,GCNQ5
91d449a846fda426d9f9edb9f0c618a3f4e5f465.png,PGQYZ
92068fbb993dff67a45d7a8762b16ad30543b318.png,G3F3R
9211c134098477eee5590501701027f5636b0a56.png,IIAN4
9295f69e15aae9835ebafda6185321f7d554007e.png,E36VO
929c37fb821ea19191f7839eb0bfe3da29a29e81.png,MDYQI
92a1d718fe0b579d7144a570add1f0b1eff5b9c8.png,O4UL1
92a5732a95047dddaa544699a6994f459605e59e.png,SW45V
92c41bd979c4c476d1d6b10394d73d32aa4c354f.png,4QMPX
92d7e365d0ea0c05b48be8d31f4a444d9e414c58.png,WGWZB
92f806628de2c8aa5c2c78b74ed7c651022a8d1e.png,3L3E6
931a137d623857c4ef79d13756998807cce0a965.png,747IE
931d6c46c0df0e6ad2210db5097caec53a6b98bb.png,24GR8
9389ae5eafd03aa07f4f3dbfad08f0e2c7a17efd.png,OCI10
939957a566fa531b7b922bf2fcc9dabdbcd387d8.png,RUU7K
95755d8ffb1dda940a0a8fa624120612e2db0ab8.png,EJM8M
960995b76cb1b388d1684972b70fe061994fe283.png,BGEPB
960ffcf50fdf95acbeb76a9df0b4f99c40fede24.png,40N8S
961dff89f68a55e6facad03c5c53b366b41b679a.png,ZKNYJ
9706c28936c85e212ff002c8301bf522509c0367.png,SV6GX
9785a4c05e60e790713cc49516103ff69dfa6be1.png,EZHMW
97b035b954be3e68df5f6be7a73b37f86523e6ce.png,OKIYQ
97b608f747d04ee8df6725a3da35f123f5e1d600.png,31WYT
97e8c129bfe28ff9aae221942f49dbea04b11f51.png,NKCCN
980d3556b109f28571a1b9b2531998a1f710bf33.png,GLR6C
98471ad0d112d5f3765fce3cc32d8e5acc91edbf.png,74S5E
9891d12d6e636db938e26276cad11adb285606b1.png,OXY7S
990931fc5e4957f1575e2c184828fdc2d338a8c7.png,YCD8I
990bc1a23b12d80728123f5e2c20105dfd741aef.png,WD03U
9926e585ba970d2384db11092b3a8119b2f8f374.png,OVSHR
99ad902b43425559c5d950425164ba7df393caf5.png,VK88F
99e6151ba0c5dc5aef2583deed6b31357688b00e.png,UJ6DJ
99efe050ca42949a9c36d8d7fadb60434d0bb35b.png,HXGVU
9a00c92028440719f47685082bb3c9b100aefa69.png,41YLM
9b3a91225c89486bc4e8f705483c6da0c99d4064.png,Y0T1W
9b742c98090d321d113e455b9edb94228deb1ca2.png,1R9JZ
9ba183281672f56d9cbacfb0ee7b5c93c22510c1.png,58K0B
9be896e4e9707f5b99da8a10fc599390b571fd46.png,089BB
9c54e48133d44b6f5695c7e585971e1866a27067.png,PKJEA
9ca2143396f5071643f3b7974e409ebdba1dd5fd.png,KESVG
9ce46aa0012fe5cd5a479dc8cefcda20062b6181.png,6ICE4
9ced5fcd9975d15a447760ea561421956ff3395a.png,FL5Z9
9d37f44bce53e92404f6e3d31609372841a33c16.png,XQNHR
9d3c0094ca81d65e21be54991f26d7e4fccb017f.png,EMMMZ
9d5dc95abad75addb1d7e3664c8f32ba45cd1887.png,6KDO0
9d7efc0d30766432b9ddece88490a722f6b93594.png,KR9GM
9dd16a817d199bfb5329a9196a8d1cdfb05439b3.png,IC3N6
9de88672496701c5a5f0cd284d897d0a7889e77d.png,5406I
9ec69443abe56b39183a5255368df98675ebcd0b.png,SCPZN
9f244e8cf73386bb6b165bc71e9b334f715aea5d.png,MEQVH
a0087e135f09f14a50a5dbdcd72dac478a6fa45b.png,MLRZO
a02637f896804f764780768524608f777cb1c4a8.png,AF85L
a052004068813efd3cbd59e6e82f3516f028c064.png,FUV0B
a1072e60ce8fc7cec5d1917aa954e1a28e808e2c.png,TGS4N
a144a4f04f7f17fad3f2499956a05f22f4f4d77d.png,434WZ
a1468bc6e9d80748ab38d61206e7657f9a905a50.png,1SPAZ
a1517a69a88149fe79a1a6d25458e38b29394da1.png,3Z5Y0
a168041d6d93e1bd86f93783bd14e8732aa38edc.png,3Z3HC
a16839878f20a52751ffb9b97b3bd8441152605b.png,40U4J
a179d60ab5b0f55234674d04effaee445993492c.png,95D3E
a1835ff539c91951d488254409523ce37cb2e45d.png,58CFB
a1ad9da61b3260ffa53fcbadd6c18aea5e656dcb.png,SMS1K
a242620f8baae44977358cbfbfb58b53553c180c.png,DOB9T
a3330bcc2de50b48ba2d180611377e54e8cd30a6.png,O9F0L
a3fd9a1bcf39023f5ec5e5a6c27251de411873fb.png,S54IY
a4cc5305ce7d961085ebc7fc27dcfa71d443cc41.png,F8PHA
a4cd593b9bede23f70c7045dcbc802aa7cea01bf.png,3D6DY
a5703c77c7eb00f6b2668641a180b3981547e798.png,88A1S
a5c45947480f6e1d3b33ec1017e26997271995fa.png,3Y2RW
a624c42303000a53ff9eb08c2cd05f81901f6da7.png,INP0H
a63da62556a3bacece959fc401407ea78dfcba34.png,32E1Z
a6aa29afee8260ef2c5b5aa739c91478fdb6d6d7.png,O2GBH
a6c1132d11fb54086fa567a651364d65a1b810d4.png,TRGB0
a6c2eadef48309088739eb02ad1a36f32e3a0ba6.png,ES75J
a6f2ab00aea1a2368448471a4812ccf946567257.png,11UXU
a74e93842c268074c96d95bf8bd5163042dd3ef6.png,WWROD
a754911b8fd5e62a7dd370cbeca630f2f6675fdf.png,DC0QW
a7af289f849b6b6106f67f85b81b5eb1a21714e0.png,KWPV0
a8119f695ec6c15c252d3e4fdf4c8a13ca4111c3.png,IJSOP
a84d8d1a3802b19699512610296c12fb8ec2b956.png,6TIWS
a867232ac7fe4b9ff14baaa41038151de85ba194.png,64EGS
a8a6f5e88ee02d188c4a3e0c56638757ead8cb95.png,O3YC0
a8c38693c7342730ced5d8fd0bc7be5407bef93d.png,90B0T
a90371fb913396334f4db12061d67dbf6a5a0dbc.png,WLI3E
a91169863bd1c89e7ea9cacb30ca4c0df517d0ae.png,R9481
a9392582d3e291797dea95d5a1c80621fb5921fb.png,GFYIT
a93ce300828f55eb8141eb5d5188b3c84d10683d.png,DUYP0
a98ea18b612004ec58a82e627deea4eec6f5c5d4.png,2JW8Q
a9bb4fb66ea39ace645de3792261f3f68a524c5e.png,JA4K6
a9bd60111c95c7884b5bb6363861eac49a4d1d09.png,KBX3W
a9d004429a1f5231d751a8235dc3260ba9139b09.png,UE2OB
aa2d9413a7a283cb71d987f27f7ff8f3224c1a22.png,5XYTL
aa3991e9f07c4389708e385aa168118fa319c7ca.png,8HEBJ
aa742c8fad55944372b8fdf6413007e2bbed2675.png,AUI7J
aa7e8ab84d72a898e5db34ed404925b9f16c1af8.png,OAIRU
aae69b36a0344d4c6ab0985938f35b8fb9b43afc.png,J6TTF
ab0184b38a0ca87cccdca5afea9fa37b708dcae7.png,JXOLV
ab4735801a2a9140059accb2288f1bf1bbb5eb3d.png,8HD4B
ab68fb81c2e5297601f460e1d8016e750461930b.png,ZWFH6
abb78fc255e578432ff0fcd0b28937745ae2e107.png,P8DTG
abbcf4d0fbd983facd4228e535c08b963cfc0052.png,SFNZ5
abd9b637f8dc688cd40424e7b4cb45c30b75d89d.png,Z1CCG
abf05e50816ff09558280113029d7d4347b50c93.png,HF0QI
ac08edd3616f4c16fa1f79dd5ba36d90c8d26a62.png,TQZRP
ac25f5028eaf571612bc897d41556df4dee6cdc9.png,Z9SEF
aca4a786ea997d37b09fa2fb5b2ea9d8c452c3e8.png,FJVGR
ad0dab4caf41d637ab51afd6ce3b812f53df300f.png,X1SE1
ad8169662d2125c901c5bea71e9b808c9aab0456.png,90L0E
ad91f40d166f5e0525706868bf8de3c7db81cebb.png,OQPNN
ae109ecc6bec97141fecbe4f90ce1f9fcee8bc74.png,UMYL3
ae427d1e73b5e84240f7f73416356747787e4969.png,ZZXG5
af1e4aeeb95d0a43f34c97ad6683be9f329f73ee.png,K5EDL
afca69905320d9f4ec6a24153638bd68d894435f.png,LCCCA
afe78799c1a044644b65a85ff9a0ea5f33c9da5d.png,QWJBE
b0e79cef9e5a2b1d8ba9cd51b18b1eead23633d2.png,2UTKN
b0ed528ade58b59e10da4f32bfdab00c944e7c26.png,O63XS
b0f17291800aeb87fb84aee09f4c8e0717f806fe.png,CNA2N
b15ca90538a6ad9d35276358a9dbb02c3744aec8.png,WOHN7
b1866bab0f7d110a8a8d6bb3f12ee258aed59f07.png,9QMLY
b1abd844e6d079feb35d967916dc000bcd6b1412.png,EG8OK
b2365d824c58f598f4ad73d02052815f704c7dbb.png,FV15Z
b282146cf2859b455946b3188f84bd5ea80978f5.png,GLDFD
b31d9a003a7f30cacfca48e5f7f7e73b784fb00f.png,U8LR8
b33518fb9afc5237ced0f824e3bf334b893a06e4.png,TEFHO
b3890de8ad5374149e4c4363c07612345c02ca17.png,G761Z
b3dec0ed94183a98e5d1e257984c687743fafbc9.png,NS96J
b41e6456228eeee98bb5592d24d97232247b84ac.png,OC4HL
b48fd14d8e2b7bd2827bc6b0649fc5ee88e9fabf.png,F3YU0
b4afff2750a9d1a9cc4dc114bf8134146f609356.png,7APF5
b52f0b3b737193c18a8d484843f5e00a8e3f5e86.png,I3WZ8
b54defaf4a5f51584913f01a820debe0c8946f03.png,C03BK
b573824b13298a3071c3a6102d6d1322d7b574ff.png,1Y14W
b57ed833272efe94819eec0bfea2962a7980824e.png,PNDV0
b593b5faccc1128221ff7249b048c6f1e96231e4.png,ZGNXL
b61c75572d58c6d50419ce405df241d8c16c05a1.png,A3UZW
b64f984e709f07331c1ff9a14df8cd4902d04538.png,ETJ3C
b6adbdbf6311d0e6f8b6fc6f430f50a650c60938.png,CG7WN
b70052d1fea2ccc037302b5401d4eeefa16f1a6c.png,UZE7V
b72182b484f352c35a204512db4fb0cc5ba6241a.png,KMHI6
b73c2fdf586b33c21838d99b93d0e0c8dd19f4f3.png,ORJ6X
b810c035309ceb8c759578ea267842c737f208f2.png,SCPVI
b82ce5ecb1dbaefcfcecfc575ee91a2ca03674e8.png,W05CJ
b854ad42850291c18bd70a846125bfad4a69dabf.png,2PE6L
b8de322ac5e5c17a85d69f93444e0a59478d4f80.png,525T3
b8eb0288b27e53b9b830a01e7dd71df1701695fb.png,WE034
b933ad0857f6fca4fc82d1390ded1ec67d8a7f5e.png,M9MGZ
b9a3962ebaf2695b31888fefc6c3e510e48aae71.png,4C442
b9ab9f1a755b984115c233c77cefc716e18d58d9.png,UIE3W
ba24b19420e770b52e669e9dd5b8599ff6fa653c.png,5Y0XZ
ba3f29ed6445495e5b3bbbfb6854b817b59e3011.png,H44OX
bad378fce4025cdebcb942cce5ad05c1bce96a0c.png,NGA8P
bada51293c30769d34177944449a779a01a8836f.png,TE27R
bb1e49d7a27e28a9d834be8ace0a2c82c2335e05.png,8RU2Z
bb2c1a0f84d87091aa7d1a9869ca9b9710f23161.png,6G87Q
bb3d4a01dfcb846b2ec46e3eca3bd3c5256278f3.png,9RBH9
bbf52918b482b1d3e5e7ef231fec00a14be136e0.png,SK084
bc3417b458ec8d7e10dfaea5a29dd6bca54c03fd.png,ZEU3Y
bc5120f66e179ff99fdba59e7343bac19ee52961.png,M3TMQ
bd4aea5ab50b092316414b49d7602a0e24093850.png,B9E21
bd545030132e55996b11c7ad3cd3e80037b58ec3.png,BKW00
bd844034f9c328c9c4edaa4e36b96e5622c0fcc5.png,6RMML
bd924646f384425c4edd44a8c49a6f243e930da3.png,D6MRE
bdaeb34eeb60d4e0246a36122296eacb6f7964b3.png,6NU0V
bdd4f1e6afd7c017e1fb55c5e545a05b8d0993f0.png,SUAB7
bde5ac244ad3908fe50af310859af9c5b59e8a0c.png,YPZKD
be2fab48829dbc5736073042069aaf696dfb20a2.png,5VVOG
be3672982f2fbba8f38e3f6ec7fe9e50aeb7d9fe.png,LHR41
be7dce689449b0474d67130e72dbbdae0830b4d1.png,DH0KL
be9a6fe4e3e9950425f4c97a3e610ac43b386bd6.png,AEKMI
becf4c36e2403a3249496b8cc8cb189a54891ac6.png,J0TUG
bf6f2c9a608e418a5ad09e42502d5e5df08ec86f.png,TCLW0
bf8e648bc3fc213ea239f787e6735c2c62cdd255.png,OCAP0
bfe9973805a4f442340700732683223bbbaaa24f.png,C70HX
c04368eb615d9a44b57a1976f92306c510dacc94.png,KQ66A
c065eb2fe8c476a5ac28f5490686e4729a0e7bdc.png,V3DN5
c067a621c1533c99af709fc0c39c37385ee1c60c.png,H0DZ9
c0dd335142bb9732e09044f3d98f79ea1fa25a4a.png,FKO24
c156c660790e4820cc486f25438058e2f109a733.png,YBWYI
c2aaba8340b63eb31a634019510939aadedf5cf3.png,JJ5JE
c2b3b31bb1341567f2c5811a754a2c52b5cf436d.png,BP7LB
c314eddbe4197970dd5da00fddf083541797771b.png,7FLD5
c3433c1f2063393a620f3bc4ec1072fc2432b171.png,620LW
c34bf6584843476eeaaefcac1e15eed0f5cb584b.png,OQ9NA
c3b9f8b28bd56b1b0b18ae0d825d1998660f671a.png,O62LU
c41d68d403bd94afec3f870b98baeccfa3961767.png,AADMW
c42addf9e942b82b15f215774d444f09c1847a43.png,H6ND8
c47f1d922e3080ab66e0df8a35ba8331f7043a44.png,GNZ3W
c4958ebd018f0d87af085ad5cf4ee80ba39401fd.png,GJL7T
c524c8678dc3223c6bbd54318557760b5e01f53f.png,EWRRP
c5559f9e4fd8ccd6080187a957265124129972b9.png,806FN
c57b3fb4884d306ad33d3e32ce683693db97d509.png,N3CKN
c5ab1bafde059b7ad2421463d78b82b9ad825763.png,A3MBY
c5b12ff79e5aa2d4a34db7b3e14abe52a363f3a7.png,Z1W7E
c6352796e4f82445f3ffe7616b439137dad611af.png,BM4M0
c638ff7c750348444a23377e333f5f67b7a60908.png,R7U0E
c6612eb975b99193a21c8323a26ca79285e84ef7.png,385AI
c663c1fffd7a57984d1c4e16953bdb93befdc117.png,1IDZQ
c67cd702c6b52c431c35aca0d08cd7d0b0054117.png,DLK20
c81fa4898c7276e64c5e2ae2a138da69c020ee1e.png,L2ZMH
c82126ae02fb7f1f9434b00279e8c32d8ead9c9f.png,9W5BY
c854751ce15e33e331c462a5a88027ab931114f3.png,OCQR6
c868ff11e5ece973132f9ebc3e8c7d6d6d160951.png,WGSJ9
c8a340725063e5b1b9043bcd0e852b31e4d67720.png,UH9B5
c8cd9054436b690fa9794820ce1de91d1283e15e.png,RC9WN
c8e14267d86c15ff5bd87ed3e61c5df546ae9df6.png,ES67P
c937bb614712c04ce2b262a3c7e53f365f7f0479.png,97PJX
c9649342cb80f2f73b44ddf799ea418ca4e24968.png,4STKX
c99eb6a223daaf8f743b9cdba288ce9523ef2574.png,13Y0V
c9f3920ddb9247daa97697e1349767d6ac19f131.png,LIERB
ca0dfb877be42b61f5087562d666f89906645637.png,2QP6C
ca0fcbefe5f7e26b4004efe4deeefb27d75f3789.png,PN3HD
ca14e741d2ce133cee993cd5e9b3b7c682eaf29b.png,IONLI
ca4020b19a02725da141867a37311fbbb271002f.png,TN6FT
ca781241f0cbeb71be63d73ee2ceadc434d52d82.png,O7EER
caca280421a21f2ec8e95df73d08fbbc3b9ed995.png,MKNMG
cb082bcc87c78931aaac82e8ed8188a728c1362c.png,VWVJU
cc02b5c14e643ceeebfdab10deeb4dbd4626e4d0.png,5WQT6
cc19898bfb9820c7c8ef71c7ab9ad15f3163e73d.png,XO62D
cc2fce96faed1fcddebf71cb47f7ab30fc3d0480.png,76V7R
cc4af74eb2bdcc249caa22ccc321f1a1dbd0023e.png,WO3HQ
cc8aa8e23b2f7125eba9ddefa877b4cffc00adab.png,OCVR1
cd10591da15e24e6c4ac3594122ef026918cfd65.png,65Y0S
cdb6d6de7081116a811e7d1a3f89dc81af38f884.png,VP7LQ
cdcaaccdd7cd7eb9348d42fca7bd31d20e6fe7e5.png,LYJTK
cdd20909a98f0ba478ddc515aad9ce89e0123866.png,HLR98
ce622a489bf28dc93b5999201618244ec0cf781a.png,1KNCB
cea21b7fbd4fd2836d48a02a6d0b923b5f834e5d.png,2LT30
cef6e9f0067028a6bfa982bbd8f665f37635412c.png,YV8QX
cf05257363f3e17b851a892b4c110eb03154d04b.png,CBVHV
cf8927333f0717e2093ff0ac5dd8ee69af2148d4.png,A5J0M
cfb82bad3673f2d1805f26c0e32940c326b6aeac.png,8AKDD
cfc618c8ce2d7360e1ad0742ee877a6791c460c3.png,8DZ8B
cfd1c3bdd1e1e3759454ca04bdc037454459da1c.png,7YJJ8
d0a535d097b402ee2c9bcb90a6ef02ec019d5789.png,70F30
d12b2f255b9808072045a32673ba75e0e818b151.png,NL0DP
d167bbabbd5097525c2db12166fc7118baab432b.png,QOSAY
d1c8dbeaa2868c4e108ed589f3b8d29f43c8b436.png,1MMA6
d22ed9e17da68068dc5a3723abea329f1cf9d0db.png,H6700
d2820057870eb06986676da67f2f6dd44e948549.png,CWLAT
d2ea0608c4198321f3db5c145068ef02b4e8b98b.png,2S9SG
d345b5cd504a5500042282ac2e6295a5381299a9.png,ENN6L
d384fbf0c3ecbc5e7fe42ab91a5db8a947057f3c.png,AGY06
d3d1fd3be6dd55a01c5562d37153bb2a48e0c344.png,K4GYG
d40a6a0235147cb7ad9d356ebf704f3d00ae86bf.png,K22F0
d44872fe5e836a335432ccf26014f75dbc6ffebd.png,P8URD
d4692642621d2945497595007ee03a573730c63e.png,GC0MF
d4f7ee7b2698f6246af79977312162128056bb5e.png,XETWK
d50b891680df81441965f30b9fec2bcfe97fb43c.png,SKU82
d531bb8072de2c1f4bb6166c5b8182325af5600b.png,P2WNG
d5492b82e9a0e87ef159fe6b8fdcb88653883788.png,JHN45
d6416775ade2978d8c82e14a3b284b5b9cf91416.png,LEXRD
d66675999ddb683a5500a899bb30efdc4866926f.png,EZFJG
d6bc77508f97b9732ccc0a19b30f4133ff7850ee.png,9QTKN
d710ecd48dece673d2d1c83090be0107fd06988e.png,9MQ1G
d71b233f1f56a708253cd219adb5c1d02a6f7ade.png,40TGK
d7cbc1e7a59e305375bcdefd69a4e1c970e56b38.png,1PPNM
d8726016d4008e68ecfc0ed04911181eb745a030.png,HAE6F
d87dffaae4062722ad26a71b19d609624bccb80d.png,CUG56
d8cbc833e8420405949d7f5ac164b02c155a6ff5.png,ALALJ
d8d1f64a3c781cb1def10039b8ce1b84f064a721.png,2D55Z
d8d4eade492bd51ab98c1f176b9857623476eaaf.png,XF9P8
d8dc589bc9716290d94f9ddf298200849ffd3f70.png,PVV6P
d8fe4d7aa8cd4d0ba3e98c8ef3f2d98c693910b5.png,VZNGE
d9227082063ba8444d07e95d64a5e59d90b2c41d.png,ZWFWN
d97df3653bc57cbcf97949f8e655d1ae62bae8ec.png,VZG2H
da64099ad70d7d46b42fef624810035720889a6c.png,5FUER
da893adc7734b7d96c401fb105d15465032c39cb.png,6LDOO
dae816f895ce0c50a5885c9c0f9c7f8161ff732a.png,WSEVK
db3c559388cb0903769a588af0530b571f44fb77.png,LV9P2
db4febca3af0987c5f9b7a712aeb8f982d3c19b1.png,E6476
db864aaae2203c86e86f39ee93bb30ade9d2d238.png,Z1FHW
dbb4b467071ab471d4e670e540d7d66828867269.png,5C2AL
dc09b471d846cf5dc8f59fa902152956a6d811ef.png,EN0OT
dccde8cffa8b66545f3751a9cbab5bb5797e37bf.png,LGPP9
dcee8a6e3a9d26225dfdd5adfcbb5809d12af688.png,XD9IP
dcefe85de55ed0b35c510567517047275e67de8e.png,W44CA
dd705b66193104d590039192a19989629d6ad31b.png,Q1PFD
dd7ea5019404a9d3a52c2e40c38a452e64800022.png,VRD44
dde427c756810322cced691e2a92ae6e6ec4f4d3.png,P5UJB
de358d031eec5a3c7329c2593c3fa30e682121f7.png,D2KRX
dea1bb4077663a8096c34cdb48ab267bc0b10f06.png,O0EFD
dedf0946adc35d5fd4fc9f5a1350221a3f03f672.png,921EL
df447af4e594a0dfbfdbbd97454004832fd9069e.png,54KMI
df5fe8a846e329604a1ee16cb3c874787a5ecccf.png,U8X9N
df8af12e325674b85df0366bcbcfe22874b28b04.png,6VKKN
e07ba4bee09925a85c71d5116de63f2be25a6db6.png,X6Q0T
e08bd6eef32b92f198f112de16afbe06d2f17353.png,USIW9
e11dc428a7cb38a07cf13c0c2396f35f6a48b509.png,OOE00
e1b0242773d7af202f086a71ce1fe9333c2b5385.png,UZ2Y5
e1b3c9ad24814d47dc4d6aa3720aee275bf91d11.png,F71G7
e1c7bc235278e11a6bba5d5f1ad71a8dd05a5265.png,5CENW
e1c7cb9fe4c3e2e8c6b78c2999344607019e6022.png,3DKG9
e206a47bdea59e6b9d26b85f9c9dafc553b4c1f7.png,UWHEA
e21ba73e3048b3cf9c05572929a9251da5183c62.png,B5E6G
e2be1629064168ea3b5bfcbc60ac1273204d1d4a.png,Q6ESG
e2ce7319515e013c38a90a49f88cc02e19e2440e.png,H000S
e311e00e550509e5b98a328c99dca41ed0c79307.png,XEBQQ
e332cb463e74dc825182936883de6804f065a5e6.png,OV615
e37627945cc322996ed92df936892fcf993e953f.png,Y1EKY
e37ca9d1a892848b3e009eb9623133d47d38a356.png,TCVW0
e3b204c2f157b018d41379b1f7fecf1aaafdc4d5.png,JHYG8
e3b51eb003faad9fcb591aa85a0f4cad50b5169b.png,CIQ03
e3f5494e01ad08195f865774eee3154504ffdcac.png,T03DA
e3f6ae11a6d9cc8b2623768048e23b89cd9eec7a.png,DG6GY
e46fd7779af9a31071d7e5faa78d356c9792d7c5.png,Z6MDS
e477400e50eff955ca9ef49cc82d868330563ed6.png,ZPAR3
e479442fa5c22930cedd94f380091567a3c09933.png,HKBSC
e48f9dd474181d039337740676df80957b7bb118.png,VV415
e4f10ec7578c068ee3ae2ca7391165317657045a.png,KR0JU
e53ff477e670a2c95aa363338c068ab510ab621c.png,HUPX9
e57bbe007a337c3f3a7e366ffece6dbf605885cd.png,4K0X8
e57ef8a44858d150057ae0965ba60c4d970d79b3.png,S4T4I
e5d650501701f45790fd0afbf896c71df2960eb7.png,CGXF3
e6042a16ceeb236f4fb19d2dda5c20ae3a1d810a.png,QD7UA
e614f41ddcdddbbecd59fe8cb642e604e8a10cb4.png,X4DEL
e6a1428ec22a0ef577c3885e0d37816770443bf6.png,3NQUL
e6a23b143bedd2bcb1fd2b2773adbeee74d03b26.png,Q589P
e6a2ef2313713de774342e6cd33705f06187e03b.png,AD0BP
e6e623be1b656f241138e8a007a5e65b235cb3eb.png,5U99Y
e73199a1a257b13d57bc204d43a5f7dde8e548c3.png,HWPK0
e741e4524f3835bc5280945d0705337672a590e2.png,4ZQXG
e747e7fa1dd1972a965f11d154ff4090e8f717b0.png,IESM0
e7863c48da318bd8eb2ff75b811ff21042dc1d81.png,4MI3A
e78beed6cf000ed6ecb2100f9ba7006a57c06bf3.png,IBI03
e7de5e064f253f1c5e099d4661ef7fa6d93f3cad.png,I9ZEL
e877d0658097a5bdabecf5a94672ed55d642d12f.png,NUVK2
e88233326bec276b3bd78a111a0f8b51126447d7.png,Y8BCI
e8b9ed52cf555fa844988ab99453dd579f678577.png,QA5DV
e90ecacdc4757282231063d3b664ce7c43e12ff8.png,P1UNV
e91e68108946c67031b1fbec498cb3b1c8883293.png,USORJ
e9292b759fa7e441715e049aa3282abaf6222866.png,KL3EN
e9496fc966f237c91d4d02049fd521b2ce77b8e9.png,O5S2A
e97663da2d32e1d451a00ac430fbf48655cf71a3.png,W29UC
e9882c41cd8eb5e425bfcf81789bd2dcbebd1525.png,K0RXJ
e9f47ff14906436151cd191ee7eae2e9436e0870.png,1E3MY
ea1c850c85d451ad361c92feabc7fea2630d0f7c.png,OFDZT
ead9be3f461fb5bc422fff84f78b57d601740f2e.png,I41AT
eaf29a6f88a100bb07d8cd0e7c6eee0bc176dac2.png,WVA18
eba6e77dbea08424c6fc903f63211420bbbd9cc3.png,PBJSW
ec2ab7b7bc4ed2005abda68043ce94552386da3d.png,CG4RV
ec5fc72be6992fe051519fabb71d846337dcec9c.png,MFM3J
ec79524a606fa6f30e6c51c2eb0e97b9969e1d38.png,OHAAZ
ed41aa6ca2a38f1716f29ce7c49a39778b5971ea.png,G3027
ed53a4a0f6bc30e6ec226da11f859d0f497c4e26.png,WL2TP
ed5aff4fc57615027828ade9b97eadc2720f986e.png,Q6CSZ
ed6143a4930c3b2d51d069e4df42882e94d74c35.png,MY4S9
ee2bf0fab6017c4070b6ca666f8ccd6770356e02.png,V0SXL
ee5c8039a1b6b3fa292154fc57d9e7d6efd4f97f.png,D8N0H
ee8bf1fe0ab2972a959a0c79af420b7df9fbbc8a.png,BFOV6
ee9e8bcce179523187d816aeb859823989e4a7aa.png,18AUY
eee612139449c18acea8adaaf2675c5aa7b2c262.png,YYGUX
ef075593543c09bae1a7af7abdeec6c9db394cc3.png,K7MEY
ef445b3de4ed94011a2efa72e8c2e3e8798ad308.png,OY3TG
ef7719e45642ca129c812750b94435c1e404787f.png,7D5CZ
ef79b312a60b6e57c9d9c35f592f2f2d2c357381.png,XG2FW
f01aa3b1f722524e7e9d474edebca408d999b3a2.png,N6R7J
f032547259e85d976e0837773c0d263b9ae6af61.png,89O0M
f07643f4ade1a655d2b9a43b275b155a686940f9.png,Y98A4
f0ec71eeff799a68b3703f72e35f666292d065e5.png,Y0D04
f0fccafd852661e274ae0386376b7ba64981e827.png,L7BRD
f0fd021210846020d7d7283dedb9e84b8dfce4fa.png,18A23
f1e5b2aa8257dcb11696193eb1123ebc17911c3b.png,EI2HH
f20009831720d4b716ec87b6f85caa3647ec0f4c.png,D49Z1
f25ecfdb2ea0bc9011a3e19c3c0cb4b972fd8ee8.png,SCY16
f26c30fc127330fc74d5fd47dfabf868d117c4f1.png,75HKW
f2c5d2062aa89c45bfe21ac2318f02ed2bc2a14b.png,DK0V7
f2d119245fe21e044ff27b377c81f0b4258aff08.png,CFK80
f2e4972b6dcb3c8b50008deebc0c7b6a6476450e.png,68ELZ
f2e96079195692199ac768f01e1416b76354246f.png,DN23O
f31e8fbaf5580ef00c4d3032a5d2eedb1b9f7d7c.png,TVACD
f3be4291ebee1dee6bb60176a7ab1d0079955edb.png,JNYQL
f3d5c89c469e9acee873ce739d219f8c46966821.png,CQPBA
f3f849a6b2666a40e36e04dce579f5528ff1c01e.png,70558
f42eea250df51ced25bb96ffa8ce847a6f7886ac.png,SSNNH
f4e7e364712e361fba3c88fac70e79d601dc6f0f.png,WF001
f515c779becd2cc6395c9b411b9f04ab90ef5cf8.png,ZC02H
f5446a2f6af986d946f19a51bd6a98e4b58bd2e4.png,HRP7P
f5487605703917c8db0528bd46142d1cb1a044a0.png,R38ZB
f5a2704cb0f8b615951957fc2aa4eeb97fa0034a.png,3IG5W
f62968351be0be6c7f4fe5151c5b08c8caf78b95.png,TMDT6
f655d8b36acdc12eab64ea4f772c00ab721e0f83.png,FYVDQ
f66343c46c0ffe2d0c0447b2525273fc707508d9.png,H01V7
f6ad51086fe27087278b2bd8758d5c0533a7522a.png,KKRR3
f6b1c2ea0475b9d27e2be9d51a8d6908cc5be30d.png,QLZXH
f6c0b1258b3b78310b75a36ea4d12ac6d3aa3ac5.png,VVTWG
f6ef3acf840a31369b13164d99434b6e85b7f055.png,A68HM
f74c34b73b2bfecb0021eb02ab68b2f61622fae3.png,LK6I5
f769c4fb778cf91b021bf4e982e12368da447950.png,JHS7U
f7887b2e9bdeaf716cbbf059a5329c4a883f3964.png,FOESG
f7a664b3b8f97314cb9208814b01efd42e430f79.png,2C29K
f7e5323099fb63600b65d1f0b14e818f9fb37a73.png,JXGZY
f85ecb92758c0f1d7ae50a31f9b94de52b67d220.png,W3PYH
f892dec88ee3679f0e7087cfd77e670dc0f47cfd.png,76ZWT
f8977a58dcdb3d10cac7024dcc915ee05524035d.png,RQ5DC
f89f26531afd314ebeeb2ca439a8505739e13ef1.png,7QZQJ
f8d3268e293dcf86a5ba126effe03eeea09e6862.png,7S5MQ
f8efadc279fa46d3bcfcc29a1c2c437c36b2f5c8.png,F36DG
f91261ccb303a0baa9829cbbf490cdc8316a58f7.png,3UEOM
f9525d14ac7a52c1a4e1f746db2d70ebd151327b.png,ZD0Z0
f953149174549c39a1111a7ffaa87fd2f5646ed5.png,6V5WD
f9dfd0f1d0492901fedb49590082cf11739b9942.png,IO40T
fa596abfdef1380a903216cf6fa233af8a0fc4e2.png,5U3AP
fa7fc7c2c6dfa0a2570ade35710fc5e8b8b3721f.png,MOAXC
fabff534a74e11195d9b8fd7c1440cbf2476edd9.png,TUUBD
faf809e9b7b93baa8ab90663404b311633502176.png,1F0XV
faf8650151fd86d1870ecb8bb7e3243d19feb049.png,ADMC0
fb1cf59ef731e3f8da06a9d1172dd8c51da8513c.png,9QG60
fb1f08d439ae7423cc246c4459617778fd529fd0.png,855ZF
fc2b931761c4bfc0668c410b8e1f9a8f8fbbb0b6.png,AIFWK
fc32a651fe56e51a9e21366bd0fd66d3f9782049.png,RHBKQ
fc4b909005abb50b4729bd57b0e661b84f29c34f.png,3OQD3
fc76e38001cdcc9074410d231d5b6c75c1d687c9.png,IGT6N
fc7bfea0bc1ae5e457a003346cf802c11388b622.png,CN8N5
fc8232adf203a5a0867c9a06c19b1edcee080200.png,LGIAR
fcb43aaba9673a171d074b706b9ea1e4ec961c0f.png,9WMP4
fcc2c259ce407fc5ba442fbd8e7b1cc5f4362e71.png,8YHTX
fd22bb74a2eeb214381d6856da890443ec9d931b.png,3153G
fd57e598ec03650816b46d815ae0dee7be0a5317.png,58DX4
fe0328eb197cbeec3bc51e2230c4e73b92461216.png,YPCSU
fe5104c691bc8caab8e7c95712a0eacd427d0bef.png,MY4O7
fea4b1f4d3b12b4c172802f379c253e5c149b408.png,RU1WT
fede1b3e6453b94578ae90d31426d01ce87e0b69.png,Q8IPQ
ff0aa055afa42ad8a0f24dda16b5e1ac8aa26ec5.png,ZC029
ff34a46164fe86820edb525cc30e3a7063fc9fc4.png,3EBOF
ff8978fa28ea987fca2dcf66bfdd6c0c29693a21.png,S5BAF
ff9819a14106555f65c422bb1d5d4a3e2d7e91a5.png,4D8UL
ffccd19957252b9ac87f13705853ba0d38afe4c9.png,JHLSC
